<?xml version="1.0" encoding="UTF-8"?>
<settings xsi:schemaLocation="http://maven.apache.org/SETTINGS/1.1.0
        http://maven.apache.org/xsd/settings-1.1.0.xsd" xmlns="http://maven.apache.org/SETTINGS/1.1.0"
        xmlns:xsi="http://www.w3.org/2001/XMLSchema-instance">
        <servers>
                <server>
                        <username>${repo-username}</username>
                        <password>${repo-password}</password>
                        <id>c2ng-snapshots</id>
                </server>

        </servers>
        <profiles>
                <profile>
                        <repositories>
                                <repository>
                                        <snapshots>
                                                <enabled>true</enabled>
                                        </snapshots>
                                        <id>c2ng-snapshots</id>
                                        <name>c2ng-snapshots</name>
                                        <url>https://hj-pespes14895:9443/repository/c2ng-snapshots/</url>
                                </repository>
                                <!--<repository>
                                        <snapshots>
                                                <enabled>false</enabled>
                                        </snapshots>
                                        <id>maven-releases</id>
                                        <name>maven-releases</name>
                                        <url>http://hj-pespes14895.persistent.co.in:8081/repository/maven-releases</url>
                                </repository>-->


                        </repositories>
                      <!--&lt;!&ndash; <pluginRepositories>
                                <pluginRepository>
                                        <snapshots>
                                                <enabled>false</enabled>
                                        </snapshots>
                                        <id>maven-central</id>
                                        <name>maven-central</name>
                                        <url>http://hj-pespes14895:8081/repository/myrepo</url>
                                </pluginRepository>

                        </pluginRepositories>&ndash;&gt;-->
                        <id>nexus</id>
                </profile>
        </profiles>


        <activeProfiles>
                <activeProfile>nexus</activeProfile>
        </activeProfiles>
</settings>