{
    "SOURCE_REPOSITORY_URL": "https://git.dhl.com/BlueDart/c2ng_report_service.git",
    "JAVA_IMAGE_STREAM_TAG": "latest",
    "CONTEXT_DIR": "",
    "DATABASE_URL": "",
    "GITHUB_WEBHOOK_SECRET": "secret",
    "APPLICATION_NAME": "c2ng-report-service",
    "SOURCE_REPOSITORY_REF": "master",
    "GENERIC_WEBHOOK_SECRET": "secret",
    "IMAGE_STREAM_NAMESPACE": "ecs-c2ng-build",
    "REDIS_HOST" : "",
    "DB_CONNECTION_MIN_VALUE" : "",
    "DB_CONNECTION_MAX_VALUE" : "",
    "JWT_SECRET":"",
    "JWT_TOKEN_VALIDITY":"",
    "STORAGE_LOCATION":"",
    "STORAGE_DOMAIN":"",
    "TEMP_LOCATION":"",
    "initial_delay": "",
    "LOGGING_LEVEL":"",
    "SSO":""
}
