{
    
    "DATABASE_URL": "jdbc:oracle:thin:@199.40.136.143:1521:C2PC",
    "REDIS_HOST" : "redis-master.ecs-c2ng-test",
    "DB_CONNECTION_MIN_VALUE" : "1",
    "DB_CONNECTION_MAX_VALUE" : "100",
    "JWT_SECRET":"thisisthec3ngsecretkeyforgeneratingandvalidatingthejwttokenalsothisisthebiggersecretkeyfornewversion",
    "JWT_TOKEN_VALIDITY":"43200",
    "STORAGE_LOCATION":"test",
    "STORAGE_DOMAIN":"test",
    "TEMP_LOCATION":"test",
    "initial_delay": "90",
    "LOGGING_LEVEL":"INFO",
    "SSO":"false"
}