{
    
    "DATABASE_URL": "jdbc:oracle:thin:@23.252.145.132:1521:C2PCUAT",
    "REDIS_HOST" : "redis-master.ecs-c2ng-uat",
    "DB_CONNECTION_MIN_VALUE" : "1",
    "DB_CONNECTION_MAX_VALUE" : "100",
    "JWT_SECRET":"thisisthec3ngsecretkeyforgeneratingandvalidatingthejwttokenalsothisisthebiggersecretkeyfornewversion",
    "JWT_TOKEN_VALIDITY":"43200",
    "STORAGE_LOCATION":"smb://kul-dc.dhl.com/mykul/BS44739/TSHOME",
    "STORAGE_DOMAIN":"KUL-DC",
    "TEMP_LOCATION":"/nfsshare/printmanager/temp",
    "initial_delay": "180",
    "LOGGING_LEVEL":"INFO",
    "SSO":"false"
}
