{
    "metadata": {
        "uid": "b9090dfa-e6bc-42e8-81e6-00d6eac82c48",
        "managedFields": [
            {
                "apiVersion": "template.openshift.io/v1",
                "fieldsV1": {
                    "f:message": {
                        
                    },
                    "f:metadata": {
                        "f:annotations": {
                            "f:description": {
                                
                            },
                            "f:samples.operator.openshift.io/version": {
                                
                            },
                            "f:template.openshift.io/support-url": {
                                
                            },
                            "f:openshift.io/display-name": {
                                
                            },
                            "f:template.openshift.io/long-description": {
                                
                            },
                            "f:template.openshift.io/documentation-url": {
                                
                            },
                            "f:tags": {
                                
                            },
                            "f:version": {
                                
                            },
                            "f:openshift.io/provider-display-name": {
                                
                            },
                            ".": {
                                
                            },
                            "f:iconClass": {
                                
                            }
                        },
                        "f:labels": {
                            "f:template": {
                                
                            },
                            "f:xpaas": {
                                
                            },
                            "f:samples.operator.openshift.io/managed": {
                                
                            },
                            ".": {
                                
                            }
                        }
                    },
                    "f:objects": {
                        
                    },
                    "f:parameters": {
                        
                    }
                },
                "manager": "cluster-samples-operator",
                "time": "2021-10-14T03:16:34Z",
                "operation": "Update",
                "fieldsType": "FieldsV1"
            }
        ],
        "resourceVersion": "474891427",
        "creationTimestamp": "2020-11-24T14:53:05Z",
        "name": "openjdk-web-basic-s2i",
        "annotations": {
            "openshift.io/display-name": "OpenJDK",
            "samples.operator.openshift.io/version": "4.6.46",
            "description": "An example Java application using OpenJDK. For more information about using this template, see https://github.com/jboss-openshift/application-templates.",
            "template.openshift.io/support-url": "https://access.redhat.com",
            "openshift.io/provider-display-name": "Red Hat, Inc.",
            "version": "1.4.17",
            "iconClass": "icon-rh-openjdk",
            "template.openshift.io/long-description": "This template defines resources needed to develop Red Hat OpenJDK Java based application.",
            "tags": "java",
            "template.openshift.io/documentation-url": "https://access.redhat.com/documentation/en/"
        },
        "labels": {
            "template": "openjdk-web-basic-s2i",
            "xpaas": "1.4.17",
            "samples.operator.openshift.io/managed": "true"
        },
        "selfLink": "/apis/template.openshift.io/v1/namespaces/openshift/templates/openjdk-web-basic-s2i"
    },
    "apiVersion": "template.openshift.io/v1",
    "kind": "Template",
    "objects": [
        {
              "kind": "ConfigMap",
              "apiVersion": "v1",
              "metadata": {
                "name": "${APPLICATION_NAME}-config"
              },
              "data": {
                "application-override.properties": "spring.datasource.url=${DB_URL}\nspring.datasource.username=${dbusername}\nspring.datasource.password=${dbpassword}\nspring.jpa.properties.hibernate.default_schema=BDDATA\nmanagement.endpoints.web.exposure.include=refresh,bus-refresh,health\nlogging.level.org.hibernate.SQL=${LOGGING_LEVEL}\nlogging.level.org.hibernate.stat=${LOGGING_LEVEL}\nspring.jpa.show-sql=false\nlogging.level.com.bluedart.cosmat=${LOGGING_LEVEL}\nspring.redis.host=${REDIS_HOST}\nspring.datasource.oracleucp.min-pool-size=${DB_CONNECTION_MIN_VALUE}\nspring.datasource.oracleucp.max-pool-size=${DB_CONNECTION_MAX_VALUE}\njwt.secret=${jwtsecret}\njwt.tokenValidity=${jwttokenvalidity}\nwebclient.memory-size: -1\nreport.virtualizer= gZip\nversion.application-version= 1.0\nreport.storage-location=${STORAGE_LOCATION}\nreport.storage-domain=${STORAGE_DOMAIN}\nreport.storage-username=${storageusername}\nreport.storage-password=${storagepassword}\nreport.report-temp-location=${TEMP_LOCATION}\nSSO.enabled=${SSO}\nspring.ldap.urls=ldap://kul-dc.dhl.com\nspring.ldap.username=${ldapusername}\nspring.ldap.password=${ldappassword}\nspring.ldap.base=DC=kul-dc,DC=dhl,DC=com"
              }
            },
        {
            "metadata": {
                "name": "report-service",
                "annotations": {
                    "description": "The application's http port."
                },
                "labels": {
                    "application": "${APPLICATION_NAME}"
                }
            },
            "apiVersion": "v1",
            "kind": "Service",
            "spec": {
                "selector": {
                    "deploymentConfig": "${APPLICATION_NAME}"
                },
                "ports": [
                    {
                        "port": 8089,
                        "targetPort": 8089
                    }
                ]
            }
        },
      
        {
            "metadata": {
                "name": "${APPLICATION_NAME}",
                "labels": {
                    "application": "${APPLICATION_NAME}"
                }
            },
            "apiVersion": "v1",
            "kind": "ImageStream"
        },
        {
            "metadata": {
                "name": "${APPLICATION_NAME}",
                "labels": {
                    "application": "${APPLICATION_NAME}"
                }
            },
            "apiVersion": "v1",
            "kind": "DeploymentConfig",
            "spec": {
                "template": {
                    "metadata": {
                        "name": "${APPLICATION_NAME}",
                        "labels": {
                            "deploymentConfig": "${APPLICATION_NAME}",
                            "application": "${APPLICATION_NAME}"
                        }
                    },
                    "spec": {
                         "volumes": [
                            {
                              "name": "${APPLICATION_NAME}-configmount",
                              "configMap": {
                                "name": "${APPLICATION_NAME}-config",
                                "defaultMode": 420
                              }
                            },
                            {
                                "name": "nfs-pvc",
                                "persistentVolumeClaim": {
                                    "claimName": "report-service-pvc"
                                  
                                }
                              }
                          ],  
                        "terminationGracePeriodSeconds": 75,
                        "containers": [
                            {
                              
                                "imagePullPolicy": "Always",
                                "name": "${APPLICATION_NAME}",
                                "env": [
                                      {
                                      "name": "TZ",
                                      "value": "Asia/Calcutta"
                                    },
                                    {
                                      "name": "GC_MAX_METASPACE_SIZE",
                                      "value": "300"
                                    },
                                    {
                                        "name": "DB_URL",
                                        "value": "${DATABASE_URL}"
                                    },
                                    {
                                        "name": "jwtsecret",
                                        "value": "${JWT_SECRET}"
                                    },
                                    {
                                        "name": "LOGGING_LEVEL",
                                        "value": "${LOGGING_LEVEL}"
                                    },
                                    {
                                        "name": "initial_delay",
                                        "value": "${initial_delay}"
                                    },
                                    {
                                        "name": "jwttokenvalidity",
                                        "value": "${JWT_TOKEN_VALIDITY}"
                                    },
                                    {
                                        "name": "DB_CONNECTION_MIN_VALUE",
                                        "value": "${DB_CONNECTION_MIN_VALUE}"
                                    },
                                    {
                                        "name": "DB_CONNECTION_MAX_VALUE",
                                        "value": "${DB_CONNECTION_MAX_VALUE}"
                                    },
                                    {
                                        "name": "SSO",
                                        "value": "${SSO}"
                                    },
                                    {
                                        "name": "STORAGE_LOCATION",
                                        "value": "${STORAGE_LOCATION}"
                                    },
                                    {
                                        "name": "STORAGE_DOMAIN",
                                        "value": "${STORAGE_DOMAIN}"
                                    },
                                    {
                                        "name": "storageusername",
                                        "valueFrom": {
                                            "secretKeyRef": {
                                                "name": "${APPLICATION_NAME}-cisfsecrets",
                                                "key": "username"
                                            }
                                        }
                                    },
                                    {
                                        "name": "storagepassword",
                                        "valueFrom": {
                                            "secretKeyRef": {
                                                "name": "${APPLICATION_NAME}-cisfsecrets",
                                                "key": "password"
                                            }
                                        }
                                    },
                                    {
                                        "name": "TEMP_LOCATION",
                                        "value": "${TEMP_LOCATION}"
                                    },
                                    {
                                        "name": "REDIS_HOST",
                                        "value": "${REDIS_HOST}"
                                    },
                                    {
                                      "name": "dbusername",
                                      "valueFrom": {
                                        "secretKeyRef": {
                                          "name": "${APPLICATION_NAME}-dbsecrets",
                                          "key": "username"
                                        }
                                      }
                                    },
                                    {
                                      "name": "dbpassword",
                                      "valueFrom": {
                                        "secretKeyRef": {
                                          "name": "${APPLICATION_NAME}-dbsecrets",
                                          "key": "password"
                                        }
                                      }
                                    },
                                    {
                                        "name": "ldapusername",
                                        "valueFrom": {
                                            "secretKeyRef": {
                                            "name": "ldapsecrets",
                                            "key": "username"
                                            }
                                        }
                                    },
                                    {
                                        "name": "ldappassword",
                                        "valueFrom": {
                                            "secretKeyRef": {
                                            "name": "ldapsecrets",
                                            "key": "password"
                                            }
                                        }
                                    }
                                ],
                                "ports": [
                                    
                                    {
                                        "protocol": "TCP",
                                        "name": "http",
                                        "containerPort": 8089
                                    }
                                    
                                ],
                                "livenessProbe":  
                                    {
                                        "failureThreshold": 3,
                                        "httpGet": 
                                            {
                                                "path": "/actuator/health/liveness",
                                                "port": 8089,
                                                "scheme": "HTTP"
                                            },
                                        "initialDelaySeconds": "${{initial_delay}}",
                                        "periodSeconds": 10,
                                        "successThreshold": 1,
                                        "timeoutSeconds": 2 
                                        
                                    },
                                  "readinessProbe":  
                                    {
                                        "failureThreshold": 3,
                                        "httpGet": 
                                            {
                                                "path": "/actuator/health/readiness",
                                                "port": 8089,
                                                "scheme": "HTTP"
                                            },
                                        "initialDelaySeconds": "${{initial_delay}}",
                                        "periodSeconds": 10,
                                        "successThreshold": 1,
                                        "timeoutSeconds": 2 
                                        
                                    },
                                    "lifecycle": {
                                        "preStop": {
                                           "exec": {
                                              "command": [
                                                 "/bin/bash",
                                                 "-c",
                                                 "sleep 30"
                                              ]
                                           }
                                        }
                                     }, 
                                   "volumeMounts": [
                                    {
                                      "name": "${APPLICATION_NAME}-configmount",
                                      "mountPath": "/etc/config"
                                    },
                                    {
                                        "name": "nfs-pvc",
                                        "mountPath": "/nfsshare/printmanager"
                                      }
                                  ]
                            }
                        ]
                    }
                },
                "replicas": 1,
                "selector": {
                    "deploymentConfig": "${APPLICATION_NAME}"
                },
                "strategy": {
                    "type": "Rolling"
                },
                "triggers": [
                    {
                        "imageChangeParams": {
                            "automatic": false,
                            "from": {
                                "kind": "ImageStreamTag",
                                "name": "${APPLICATION_NAME}:latest"
                            },
                            "containerNames": [
                                "${APPLICATION_NAME}"
                            ]
                        },
                        "type": "ImageChange"
                    }
                ]
            }
        }
    ],
    "message": "A new java application has been created in your project.",
    "parameters": [
        {
            "displayName": "Application Name",
            "name": "APPLICATION_NAME",
            "description": "The name for the application.",
            "value": "openjdk-app",
            "required": true
        },
        {
            "displayName": "Java Version",
            "name": "JAVA_IMAGE_STREAM_TAG",
            "description": "The version of Java to use, e.g. 8, 11, latest. (Corresponds to the 'java' ImageStream tag.)",
            "value": "latest",
            "required": true
        },
        {
            "displayName": "Git Repository URL",
            "name": "SOURCE_REPOSITORY_URL",
            "description": "Git source URI for application",
            "value": "https://github.com/jboss-openshift/openshift-quickstarts",
            "required": true
        },
        {
            "displayName": "Git Reference",
            "name": "SOURCE_REPOSITORY_REF",
            "description": "Git branch/tag reference",
            "value": "master"
        },
        {
            "displayName": "Context Directory",
            "name": "CONTEXT_DIR",
            "description": "Path within Git project to build; empty for root project directory.",
            "value": "undertow-servlet"
        },
        {
            "displayName": "Github Webhook Secret",
            "name": "GITHUB_WEBHOOK_SECRET",
            "description": "GitHub trigger secret",
            "from": "[a-zA-Z0-9]{8}",
            "generate": "expression",
            "required": true
        },
        {
            "displayName": "Database URL based on environments",
            "name": "DATABASE_URL",
            "description": "Database URL for environment such as build, test and uat"
        },
        {
            "displayName": "REDIS_HOST URL based on environments",
            "name": "REDIS_HOST",
            "description": "REDIS_HOST URL for environment such as build, test and uat"
        }, 
        {
            "displayName": "DB_CONNECTION_MIN_VALUE  based on environments",
            "name": "DB_CONNECTION_MIN_VALUE",
            "description": "DB_CONNECTION_MIN_VALUE  for environment such as build, test and uat"
        }, 
        {
            "displayName": "DB_CONNECTION_MAX_VALUE based on environments",
            "name": "DB_CONNECTION_MAX_VALUE",
            "description": "DB_CONNECTION_MAX_VALUE  for environment such as build, test and uat"
        },
        {
            "displayName": "STORAGE_LOCATION based on environments",
            "name": "STORAGE_LOCATION",
            "description": "STORAGE_LOCATION  for environment such as build, test and uat"
        },
        {
            "displayName": "STORAGE_DOMAIN based on environments",
            "name": "STORAGE_DOMAIN",
            "description": "STORAGE_DOMAIN  for environment such as build, test and uat"
        },
        {
            "displayName": "SSO based on environments",
            "name": "SSO",
            "description": "SSO based on environments"
        },
        {
            "displayName": "TEMP_LOCATION based on environments",
            "name": "TEMP_LOCATION",
            "description": "TEMP_LOCATION  for environment such as build, test and uat"
        },
        {
            "displayName": "jwt secret based on environments",
            "name": "JWT_SECRET",
            "description": "jwt secret based on environments"
        }, 
        {
            "displayName": "jwt token validity based on environments",
            "name": "JWT_TOKEN_VALIDITY",
            "description": "jwt token validity  based on environments"
        },  
        {
            "displayName": "Generic Webhook Secret",
            "name": "GENERIC_WEBHOOK_SECRET",
            "description": "Generic build trigger secret",
            "from": "[a-zA-Z0-9]{8}",
            "generate": "expression",
            "required": true
        },
        {
            "displayName": "Logging level based on environments",
            "name": "LOGGING_LEVEL",
            "description": "Logging level for environment such as build, test and uat"
        },
        {
            "displayName": "INITIAL DELAY based on environments",
            "name": "initial_delay",
            "description": "initial_delay for environment such as build, test and uat"
        },
        {
            "displayName": "ImageStream Namespace",
            "name": "IMAGE_STREAM_NAMESPACE",
            "description": "Namespace in which the ImageStreams for Red Hat Middleware images are installed. These ImageStreams are normally installed in the openshift namespace. You should only need to modify this if you've installed the ImageStreams in a different namespace/project.",
            "value": "openshift",
            "required": true
        }
    ]
}
