{
    "metadata": {
        "uid": "b9090dfa-e6bc-42e8-81e6-00d6eac82c48",
        "managedFields": [
            {
                "apiVersion": "template.openshift.io/v1",
                "fieldsV1": {
                    "f:message": {
                        
                    },
                    "f:metadata": {
                        "f:annotations": {
                            "f:description": {
                                
                            },
                            "f:samples.operator.openshift.io/version": {
                                
                            },
                            "f:template.openshift.io/support-url": {
                                
                            },
                            "f:openshift.io/display-name": {
                                
                            },
                            "f:template.openshift.io/long-description": {
                                
                            },
                            "f:template.openshift.io/documentation-url": {
                                
                            },
                            "f:tags": {
                                
                            },
                            "f:version": {
                                
                            },
                            "f:openshift.io/provider-display-name": {
                                
                            },
                            ".": {
                                
                            },
                            "f:iconClass": {
                                
                            }
                        },
                        "f:labels": {
                            "f:template": {
                                
                            },
                            "f:xpaas": {
                                
                            },
                            "f:samples.operator.openshift.io/managed": {
                                
                            },
                            ".": {
                                
                            }
                        }
                    },
                    "f:objects": {
                        
                    },
                    "f:parameters": {
                        
                    }
                },
                "manager": "cluster-samples-operator",
                "time": "2021-10-14T03:16:34Z",
                "operation": "Update",
                "fieldsType": "FieldsV1"
            }
        ],
        "resourceVersion": "474891427",
        "creationTimestamp": "2020-11-24T14:53:05Z",
        "name": "openjdk-web-basic-s2i",
        "annotations": {
            "openshift.io/display-name": "OpenJDK",
            "samples.operator.openshift.io/version": "4.6.46",
            "description": "An example Java application using OpenJDK. For more information about using this template, see https://github.com/jboss-openshift/application-templates.",
            "template.openshift.io/support-url": "https://access.redhat.com",
            "openshift.io/provider-display-name": "Red Hat, Inc.",
            "version": "1.4.17",
            "iconClass": "icon-rh-openjdk",
            "template.openshift.io/long-description": "This template defines resources needed to develop Red Hat OpenJDK Java based application.",
            "tags": "java",
            "template.openshift.io/documentation-url": "https://access.redhat.com/documentation/en/"
        },
        "labels": {
            "template": "openjdk-web-basic-s2i",
            "xpaas": "1.4.17",
            "samples.operator.openshift.io/managed": "true"
        },
        "selfLink": "/apis/template.openshift.io/v1/namespaces/openshift/templates/openjdk-web-basic-s2i"
    },
    "apiVersion": "template.openshift.io/v1",
    "kind": "Template",
    "objects": [
        {
            "metadata": {
                "name": "${APPLICATION_NAME}",
                "labels": {
                    "application": "${APPLICATION_NAME}"
                }
            },
            "apiVersion": "v1",
            "kind": "BuildConfig",
            "spec": {
                "output": {
                    "to": {
                        "kind": "ImageStreamTag",
                        "name": "${APPLICATION_NAME}:latest"
                    }
                },
                "source": {
                    "git": {
                        "ref": "${SOURCE_REPOSITORY_REF}",
                        "uri": "${SOURCE_REPOSITORY_URL}"
                    },
                    "type": "Git",
                    "contextDir": "${CONTEXT_DIR}"
                },
                "strategy": {
                    "sourceStrategy": {
                        "forcePull": true,
                        "from": {
                            "kind": "ImageStreamTag",
                            "name": "openjdk-11:1.3",
                            "namespace": "${IMAGE_STREAM_NAMESPACE}"
                        }
                    },
                    "type": "Source"
                },
                "triggers": [
                    {
                        "github": {
                            "secret": "${GITHUB_WEBHOOK_SECRET}"
                        },
                        "type": "GitHub"
                    },
                    {
                        "type": "Generic",
                        "generic": {
                            "secret": "${GENERIC_WEBHOOK_SECRET}"
                        }
                    },
                    {
                        "imageChange": {
                            
                        },
                        "type": "ImageChange"
                    },
                    {
                        "type": "ConfigChange"
                    }
                ]
            }
        }
    ],
    "message": "A new java application has been created in your project.",
    "parameters": [
        {
            "displayName": "Application Name",
            "name": "APPLICATION_NAME",
            "description": "The name for the application.",
            "value": "openjdk-app",
            "required": true
        },
        {
            "displayName": "Java Version",
            "name": "JAVA_IMAGE_STREAM_TAG",
            "description": "The version of Java to use, e.g. 8, 11, latest. (Corresponds to the 'java' ImageStream tag.)",
            "value": "latest",
            "required": true
        },
        {
            "displayName": "Git Repository URL",
            "name": "SOURCE_REPOSITORY_URL",
            "description": "Git source URI for application",
            "value": "https://github.com/jboss-openshift/openshift-quickstarts",
            "required": true
        },
        {
            "displayName": "Git Reference",
            "name": "SOURCE_REPOSITORY_REF",
            "description": "Git branch/tag reference",
            "value": "master"
        },
        {
            "displayName": "Context Directory",
            "name": "CONTEXT_DIR",
            "description": "Path within Git project to build; empty for root project directory.",
            "value": "undertow-servlet"
        },
        {
            "displayName": "Github Webhook Secret",
            "name": "GITHUB_WEBHOOK_SECRET",
            "description": "GitHub trigger secret",
            "from": "[a-zA-Z0-9]{8}",
            "generate": "expression",
            "required": true
        },
        {
            "displayName": "Generic Webhook Secret",
            "name": "GENERIC_WEBHOOK_SECRET",
            "description": "Generic build trigger secret",
            "from": "[a-zA-Z0-9]{8}",
            "generate": "expression",
            "required": true
        },
        {
            "displayName": "Database URL based on environments",
            "name": "DATABASE_URL",
            "description": "Database URL for environment such as build, test and uat"
        },
        {
            "displayName": "REDIS_HOST URL based on environments",
            "name": "REDIS_HOST",
            "description": "REDIS_HOST URL for environment such as build, test and uat"
        }, 
        {
            "displayName": "DB_CONNECTION_MIN_VALUE  based on environments",
            "name": "DB_CONNECTION_MIN_VALUE",
            "description": "DB_CONNECTION_MIN_VALUE  for environment such as build, test and uat"
        }, 
        {
            "displayName": "Logging level based on environments",
            "name": "LOGGING_LEVEL",
            "description": "Logging level for environment such as build, test and uat"
        },
        {
            "displayName": "DB_CONNECTION_MAX_VALUE based on environments",
            "name": "DB_CONNECTION_MAX_VALUE",
            "description": "DB_CONNECTION_MAX_VALUE  for environment such as build, test and uat"
        }, 
        {
            "displayName": "STORAGE_LOCATION based on environments",
            "name": "STORAGE_LOCATION",
            "description": "STORAGE_LOCATION  for environment such as build, test and uat"
        },
        {
            "displayName": "STORAGE_DOMAIN based on environments",
            "name": "STORAGE_DOMAIN",
            "description": "STORAGE_DOMAIN  for environment such as build, test and uat"
        },
        {
            "displayName": "SSO based on environments",
            "name": "SSO",
            "description": "SSO based on environments"
        },
        {
            "displayName": "TEMP_LOCATION based on environments",
            "name": "TEMP_LOCATION",
            "description": "TEMP_LOCATION  for environment such as build, test and uat"
        }, 
        {
            "displayName": "INITIAL DELAY based on environments",
            "name": "initial_delay",
            "description": "initial_delay for environment such as build, test and uat"
        },
        {
            "displayName": "jwt secret based on environments",
            "name": "JWT_SECRET",
            "description": "jwt secret based on environments"
        }, 
        {
            "displayName": "jwt token validity based on environments",
            "name": "JWT_TOKEN_VALIDITY",
            "description": "jwt token validity  based on environments"
        },        
        {
            "displayName": "ImageStream Namespace",
            "name": "IMAGE_STREAM_NAMESPACE",
            "description": "Namespace in which the ImageStreams for Red Hat Middleware images are installed. These ImageStreams are normally installed in the openshift namespace. You should only need to modify this if you've installed the ImageStreams in a different namespace/project.",
            "value": "openshift",
            "required": true
        }
    ]
}
