{
   
   "DATABASE_URL": "jdbc:oracle:thin:@c2pc-scan.apis.dhl.com:1521/C2PC",
   "REDIS_HOST" : "redis-master.ecs-c2ng-prod",
   "DB_CONNECTION_MIN_VALUE" : "1",
   "DB_CONNECTION_MAX_VALUE" : "100",
   "JWT_SECRET":"thisisthec3ngsecretkeyforgeneratingandvalidatingthejwttokenalsothisisthebiggersecretkeyfornewversion",
    "JWT_TOKEN_VALIDITY":"43200",
    "STORAGE_LOCATION":"smb://kul-dc.dhl.com/mykul/BS44739/TSHOME",
    "STORAGE_DOMAIN":"KUL-DC",
    "TEMP_LOCATION":"/nfsshare/printmanager/temp",
    "initial_delay": "250",
    "LOGGING_LEVEL":"ERROR",
    "SSO":"false"
}
