{
    "build": {
        "limits": {
            "cpu": 2,
            "memory": "4Gi"
        },
        "requests": {
            "cpu": 2,
            "memory": "4Gi"
        }
    },
    "deploy": {
        "limits": {
            "cpu": 2,
            "memory": "4Gi"
        },
        "requests": {
            "cpu": 2,
            "memory": "4Gi"
        }
    },
    "containers": {
        "build": {
            "limits": {
                "cpu": 2,
                "memory": "4Gi"
            },
            "requests": {
                "cpu": 2,
                "memory": "4Gi"
            }
        },
        "test": {
            "limits": {
                "cpu": 0.35,
                "memory": "750Mi"
            },
            "requests": {
                "cpu": 0.35,
                "memory": "750Mi"
            }
        },
        "dev": {
            "limits": {
                "cpu": 0.35,
                "memory": "750Mi"
            },
            "requests": {
                "cpu": 0.35,
                "memory": "750Mi"
            }
        },
        "uat": {
            "limits": {
                "cpu": 0.5,
                "memory": "1000Mi"
            },
            "requests": {
                "cpu": 0.5,
                "memory": "1000Mi"
            }
        },
        "uatpilot": {
            "limits": {
                "cpu": 0.35,
                "memory": "750Mi"
            },
            "requests": {
                "cpu": 0.35,
                "memory": "750Mi"
            }
        },
        "prod": {
            "limits": {
                "cpu": 0.6,
                "memory": "2000Mi"
            },
            "requests": {
                "cpu": 0.6,
                "memory": "2000Mi"
            }
        },
        "prod2": {
            "limits": {
                "cpu": 0.6,
                "memory": "2000Mi"
            },
            "requests": {
                "cpu": 0.6,
                "memory": "2000Mi"
            }
        },
        "prodpilot": {
            "limits": {
                "cpu": 0.6,
                "memory": "1200Mi"
            },
            "requests": {
                "cpu": 0.6,
                "memory": "1200Mi"
            }
        }
    }
}
