<?xml version="1.0" encoding="UTF-8"?>
<fontFamilies>

	<fontFamily name="Arial">
		<normal>com/bluedart/cosmat/fonts/liberation/LiberationSans-Regular.ttf</normal>
		<bold>com/bluedart/cosmat/fonts/liberation/LiberationSans-Bold.ttf</bold>
		<italic>com/bluedart/cosmat/fonts/liberation/LiberationSans-Italic.ttf</italic>
		<boldItalic>com/bluedart/cosmat/fonts/liberation/LiberationSans-BoldItalic.ttf</boldItalic>
		<pdfEncoding>Identity-H</pdfEncoding>
		<pdfEmbedded>true</pdfEmbedded>
		<exportFonts>
			<export key="net.sf.jasperreports.html">Arial, Helvetica, sans-serif</export>
			<export key="net.sf.jasperreports.xhtml">Arial, Helvetica, sans-serif</export>
		</exportFonts>
	</fontFamily>

	<fontFamily name="Times New Roman">
		<normal>com/bluedart/cosmat/fonts/liberation/LiberationSerif-Regular.ttf</normal>
		<bold>com/bluedart/cosmat/fonts/liberation/LiberationSerif-Bold.ttf</bold>
		<italic>com/bluedart/cosmat/fonts/liberation/LiberationSerif-Italic.ttf</italic>
		<boldItalic>com/bluedart/cosmat/fonts/liberation/LiberationSerif-BoldItalic.ttf</boldItalic>
		<pdfEncoding>Identity-H</pdfEncoding>
		<pdfEmbedded>true</pdfEmbedded>
		<exportFonts>
			<export key="net.sf.jasperreports.html">'Times New Roman', Times, serif</export>
			<export key="net.sf.jasperreports.xhtml">'Times New Roman', Times, serif</export>
		</exportFonts>
	</fontFamily>

	<fontFamily name="Courier New">
    <normal>com/bluedart/cosmat/fonts/liberation/LiberationMono-Regular.ttf</normal>
		<bold>com/bluedart/cosmat/fonts/liberation/LiberationMono-Bold.ttf</bold>
		<italic>com/bluedart/cosmat/fonts/liberation/LiberationMono-Italic.ttf</italic>
		<boldItalic>com/bluedart/cosmat/fonts/liberation/LiberationMono-BoldItalic.ttf</boldItalic>
		<pdfEncoding>Identity-H</pdfEncoding>
		<pdfEmbedded>true</pdfEmbedded>
		<exportFonts>
			<export key="net.sf.jasperreports.html">'Courier New', Courier, monospace</export>
			<export key="net.sf.jasperreports.xhtml">'Courier New', Courier, monospace</export>
		</exportFonts>
	</fontFamily>
	
	<fontFamily name="NewFontFamily">
    <normal>com/bluedart/cosmat/fonts/liberation/B39MHR.ttf</normal>
		<pdfEncoding>Identity-H</pdfEncoding>
		<pdfEmbedded>true</pdfEmbedded>
		<exportFonts>
			<export key="net.sf.jasperreports.html">NewFontFamily, B39MHR</export>
			<export key="net.sf.jasperreports.xhtml">NewFontFamily, B39MHR</export>
		</exportFonts>
	</fontFamily>

</fontFamilies>
